compound_id,true_label,y_true,metric,strategy,score
JCP2022_010954,MC,1,cosine,individual,0.02603307665980842
JCP2022_010954,MC,1,cosine,cluster_centroids,0.026649090355874122
JCP2022_010954,MC,1,cosine,hybrid,0.031988094910267384
JCP2022_010954,MC,1,pearson,individual,0.02569810895473565
JCP2022_010954,MC,1,pearson,cluster_centroids,0.026763702761140234
JCP2022_010954,MC,1,pearson,hybrid,0.031592078280658076
JCP2022_010954,MC,1,euclidean,individual,0.000928445712131562
JCP2022_010954,MC,1,euclidean,cluster_centroids,0.0028067344242346526
JCP2022_010954,MC,1,euclidean,hybrid,0.011307509993326817
JCP2022_010954,MC,1,spearman,individual,0.02427471607942802
JCP2022_010954,MC,1,spearman,cluster_centroids,0.025611294768186216
JCP2022_010954,MC,1,spearman,hybrid,0.02410563267183813
JCP2022_010954,MC,1,mahalanobis,individual,4.270975673778353e-06
JCP2022_010954,MC,1,mahalanobis,cluster_centroids,-2.8974901047730593e-06
JCP2022_010954,MC,1,mahalanobis,hybrid,-1.1677911467012167e-05
JCP2022_012146,MC,1,cosine,individual,0.0072858079348960825
JCP2022_012146,MC,1,cosine,cluster_centroids,-0.003210602146174274
JCP2022_012146,MC,1,cosine,hybrid,-0.003550533257955374
JCP2022_012146,MC,1,pearson,individual,0.007944195769508056
JCP2022_012146,MC,1,pearson,cluster_centroids,-0.004394222612150667
JCP2022_012146,MC,1,pearson,hybrid,-0.004454628665525068
JCP2022_012146,MC,1,euclidean,individual,-0.00220605686850385
JCP2022_012146,MC,1,euclidean,cluster_centroids,0.0008897292213668889
JCP2022_012146,MC,1,euclidean,hybrid,0.008015680464348057
JCP2022_012146,MC,1,spearman,individual,0.006911052390165068
JCP2022_012146,MC,1,spearman,cluster_centroids,-0.004892692149691569
JCP2022_012146,MC,1,spearman,hybrid,-0.0034707875431959356
JCP2022_012146,MC,1,mahalanobis,individual,7.3256320759246425e-06
JCP2022_012146,MC,1,mahalanobis,cluster_centroids,-4.189842029266811e-06
JCP2022_012146,MC,1,mahalanobis,hybrid,-2.0688160083950384e-05
JCP2022_012638,MC,1,cosine,individual,-0.019696859946064238
JCP2022_012638,MC,1,cosine,cluster_centroids,-0.0819564624178088
JCP2022_012638,MC,1,cosine,hybrid,-0.01342905795467167
JCP2022_012638,MC,1,pearson,individual,-0.01911597905882348
JCP2022_012638,MC,1,pearson,cluster_centroids,-0.08252227855126851
JCP2022_012638,MC,1,pearson,hybrid,-0.013722683883821363
JCP2022_012638,MC,1,euclidean,individual,-0.002970713315113782
JCP2022_012638,MC,1,euclidean,cluster_centroids,-0.00808821986255788
JCP2022_012638,MC,1,euclidean,hybrid,0.009151124297351654
JCP2022_012638,MC,1,spearman,individual,-0.022169780955506507
JCP2022_012638,MC,1,spearman,cluster_centroids,-0.0812411093149219
JCP2022_012638,MC,1,spearman,hybrid,-0.016549772912000243
JCP2022_012638,MC,1,mahalanobis,individual,-6.18794772788658e-06
JCP2022_012638,MC,1,mahalanobis,cluster_centroids,-7.702962390760144e-06
JCP2022_012638,MC,1,mahalanobis,hybrid,-1.5794796441357287e-05
JCP2022_021601,MC,1,cosine,individual,0.014808606398948349
JCP2022_021601,MC,1,cosine,cluster_centroids,0.029211993022694407
JCP2022_021601,MC,1,cosine,hybrid,0.010082264790500041
JCP2022_021601,MC,1,pearson,individual,0.011687564040270014
JCP2022_021601,MC,1,pearson,cluster_centroids,0.03713551411877171
JCP2022_021601,MC,1,pearson,hybrid,0.01112008665978681
JCP2022_021601,MC,1,euclidean,individual,-8.642134256395262e-05
JCP2022_021601,MC,1,euclidean,cluster_centroids,5.8470434793796155e-06
JCP2022_021601,MC,1,euclidean,hybrid,0.00024822051164510514
JCP2022_021601,MC,1,spearman,individual,0.001551519257527452
JCP2022_021601,MC,1,spearman,cluster_centroids,0.005162593642958201
JCP2022_021601,MC,1,spearman,hybrid,-0.01383286012401706
JCP2022_021601,MC,1,mahalanobis,individual,-5.105430797805685e-08
JCP2022_021601,MC,1,mahalanobis,cluster_centroids,6.595502586401885e-07
JCP2022_021601,MC,1,mahalanobis,hybrid,-2.4770919699197816e-06
JCP2022_021886,MC,1,cosine,individual,0.15129877740220185
JCP2022_021886,MC,1,cosine,cluster_centroids,0.2853578635427723
JCP2022_021886,MC,1,cosine,hybrid,0.3126899473026238
JCP2022_021886,MC,1,pearson,individual,0.15042507722195794
JCP2022_021886,MC,1,pearson,cluster_centroids,0.28429943455029083
JCP2022_021886,MC,1,pearson,hybrid,0.3120145425286269
JCP2022_021886,MC,1,euclidean,individual,0.012254889028760409
JCP2022_021886,MC,1,euclidean,cluster_centroids,0.03752090625592852
JCP2022_021886,MC,1,euclidean,hybrid,0.03783281422191575
JCP2022_021886,MC,1,spearman,individual,0.1548983078096784
JCP2022_021886,MC,1,spearman,cluster_centroids,0.2886728224163727
JCP2022_021886,MC,1,spearman,hybrid,0.3105973539675362
JCP2022_021886,MC,1,mahalanobis,individual,5.397592622503749e-05
JCP2022_021886,MC,1,mahalanobis,cluster_centroids,4.3208228937886014e-05
JCP2022_021886,MC,1,mahalanobis,hybrid,3.497070661666447e-05
JCP2022_024079,MC,1,cosine,individual,-0.010440839162321858
JCP2022_024079,MC,1,cosine,cluster_centroids,-0.08021456949350042
JCP2022_024079,MC,1,cosine,hybrid,-0.031672769653035754
JCP2022_024079,MC,1,pearson,individual,-0.01046463647044757
JCP2022_024079,MC,1,pearson,cluster_centroids,-0.08034195290461321
JCP2022_024079,MC,1,pearson,hybrid,-0.03152060138847035
JCP2022_024079,MC,1,euclidean,individual,-9.107086003677656e-06
JCP2022_024079,MC,1,euclidean,cluster_centroids,-0.003219540628176615
JCP2022_024079,MC,1,euclidean,hybrid,0.002581128320638705
JCP2022_024079,MC,1,spearman,individual,-0.011772609753698954
JCP2022_024079,MC,1,spearman,cluster_centroids,-0.09794972711182526
JCP2022_024079,MC,1,spearman,hybrid,-0.05147170327764225
JCP2022_024079,MC,1,mahalanobis,individual,-3.5332552947382116e-07
JCP2022_024079,MC,1,mahalanobis,cluster_centroids,-2.3813967450657316e-06
JCP2022_024079,MC,1,mahalanobis,hybrid,-1.2592263941264804e-05
JCP2022_027879,MC,1,cosine,individual,0.03235588267554701
JCP2022_027879,MC,1,cosine,cluster_centroids,0.009551084836108809
JCP2022_027879,MC,1,cosine,hybrid,0.04399258886522642
JCP2022_027879,MC,1,pearson,individual,0.03296856064716534
JCP2022_027879,MC,1,pearson,cluster_centroids,0.013815866982077485
JCP2022_027879,MC,1,pearson,hybrid,0.0468247150857546
JCP2022_027879,MC,1,euclidean,individual,-0.00018393603889207966
JCP2022_027879,MC,1,euclidean,cluster_centroids,-0.001615844088425071
JCP2022_027879,MC,1,euclidean,hybrid,0.003019193599376177
JCP2022_027879,MC,1,spearman,individual,0.03522615652150274
JCP2022_027879,MC,1,spearman,cluster_centroids,0.026113550107270983
JCP2022_027879,MC,1,spearman,hybrid,0.050671007570402826
JCP2022_027879,MC,1,mahalanobis,individual,1.7003226141807184e-06
JCP2022_027879,MC,1,mahalanobis,cluster_centroids,3.989393415522875e-07
JCP2022_027879,MC,1,mahalanobis,hybrid,-3.365816747795663e-06
JCP2022_030780,MC,1,cosine,individual,0.10089791245568089
JCP2022_030780,MC,1,cosine,cluster_centroids,0.16391986515185192
JCP2022_030780,MC,1,cosine,hybrid,0.14455081332959038
JCP2022_030780,MC,1,pearson,individual,0.10094289733920256
JCP2022_030780,MC,1,pearson,cluster_centroids,0.1629083302932163
JCP2022_030780,MC,1,pearson,hybrid,0.14477119655259876
JCP2022_030780,MC,1,euclidean,individual,-0.00015735483765877412
JCP2022_030780,MC,1,euclidean,cluster_centroids,0.0041921399218591004
JCP2022_030780,MC,1,euclidean,hybrid,0.003975765941271012
JCP2022_030780,MC,1,spearman,individual,0.10547553371493437
JCP2022_030780,MC,1,spearman,cluster_centroids,0.17048140155633354
JCP2022_030780,MC,1,spearman,hybrid,0.1472213522274128
JCP2022_030780,MC,1,mahalanobis,individual,8.108771953321e-06
JCP2022_030780,MC,1,mahalanobis,cluster_centroids,1.1454666374833083e-05
JCP2022_030780,MC,1,mahalanobis,hybrid,8.37109896204203e-07
JCP2022_031539,MC,1,cosine,individual,0.010224652937094375
JCP2022_031539,MC,1,cosine,cluster_centroids,0.002648592601355332
JCP2022_031539,MC,1,cosine,hybrid,0.03887234679789278
JCP2022_031539,MC,1,pearson,individual,0.010148627467810117
JCP2022_031539,MC,1,pearson,cluster_centroids,0.001806982411004826
JCP2022_031539,MC,1,pearson,hybrid,0.03840090974961172
JCP2022_031539,MC,1,euclidean,individual,-0.00040802197289141473
JCP2022_031539,MC,1,euclidean,cluster_centroids,0.000989004663546178
JCP2022_031539,MC,1,euclidean,hybrid,0.009440457632792304
JCP2022_031539,MC,1,spearman,individual,0.010581084753972014
JCP2022_031539,MC,1,spearman,cluster_centroids,-0.005578112339407082
JCP2022_031539,MC,1,spearman,hybrid,0.03380097430052059
JCP2022_031539,MC,1,mahalanobis,individual,3.669928651788004e-06
JCP2022_031539,MC,1,mahalanobis,cluster_centroids,-2.7065586916432934e-06
JCP2022_031539,MC,1,mahalanobis,hybrid,-1.631251552071512e-05
JCP2022_032132,MC,1,cosine,individual,-0.05413531057201243
JCP2022_032132,MC,1,cosine,cluster_centroids,-0.08464696079511036
JCP2022_032132,MC,1,cosine,hybrid,0.01805264753088226
JCP2022_032132,MC,1,pearson,individual,-0.05337047050087593
JCP2022_032132,MC,1,pearson,cluster_centroids,-0.08528904658725972
JCP2022_032132,MC,1,pearson,hybrid,0.01827421338783472
JCP2022_032132,MC,1,euclidean,individual,-0.006433017097928907
JCP2022_032132,MC,1,euclidean,cluster_centroids,-0.019067837032714363
JCP2022_032132,MC,1,euclidean,hybrid,-0.003963349132883917
JCP2022_032132,MC,1,spearman,individual,-0.05231966613302838
JCP2022_032132,MC,1,spearman,cluster_centroids,-0.08616478293316487
JCP2022_032132,MC,1,spearman,hybrid,0.014192569167167962
JCP2022_032132,MC,1,mahalanobis,individual,-8.49371412435904e-06
JCP2022_032132,MC,1,mahalanobis,cluster_centroids,-7.673771106346493e-06
JCP2022_032132,MC,1,mahalanobis,hybrid,-1.435940131239044e-05
JCP2022_034098,MC,1,cosine,individual,-0.008064297480214491
JCP2022_034098,MC,1,cosine,cluster_centroids,-0.013398671871767964
JCP2022_034098,MC,1,cosine,hybrid,0.017365448088410146
JCP2022_034098,MC,1,pearson,individual,-0.007717044811256776
JCP2022_034098,MC,1,pearson,cluster_centroids,-0.012215753543143387
JCP2022_034098,MC,1,pearson,hybrid,0.016248907033858007
JCP2022_034098,MC,1,euclidean,individual,-0.0028988524288786066
JCP2022_034098,MC,1,euclidean,cluster_centroids,0.003942832204196459
JCP2022_034098,MC,1,euclidean,hybrid,0.012522543205645498
JCP2022_034098,MC,1,spearman,individual,-0.007801500799109712
JCP2022_034098,MC,1,spearman,cluster_centroids,-0.019047051316867222
JCP2022_034098,MC,1,spearman,hybrid,0.0099904727324798
JCP2022_034098,MC,1,mahalanobis,individual,-4.624089789928085e-06
JCP2022_034098,MC,1,mahalanobis,cluster_centroids,-8.981188617988525e-06
JCP2022_034098,MC,1,mahalanobis,hybrid,-1.4046980264039084e-05
JCP2022_034382,MC,1,cosine,individual,0.02546868832154553
JCP2022_034382,MC,1,cosine,cluster_centroids,0.019239726455296202
JCP2022_034382,MC,1,cosine,hybrid,0.07444816292427953
JCP2022_034382,MC,1,pearson,individual,0.025677409800240553
JCP2022_034382,MC,1,pearson,cluster_centroids,0.015377227443535646
JCP2022_034382,MC,1,pearson,hybrid,0.07312281749980079
JCP2022_034382,MC,1,euclidean,individual,-0.000296296520481687
JCP2022_034382,MC,1,euclidean,cluster_centroids,0.00044899799976660937
JCP2022_034382,MC,1,euclidean,hybrid,0.004270687265383738
JCP2022_034382,MC,1,spearman,individual,0.019986081174606124
JCP2022_034382,MC,1,spearman,cluster_centroids,0.010472467538775648
JCP2022_034382,MC,1,spearman,hybrid,0.06491997419290979
JCP2022_034382,MC,1,mahalanobis,individual,6.041564157666985e-06
JCP2022_034382,MC,1,mahalanobis,cluster_centroids,5.998503788654991e-06
JCP2022_034382,MC,1,mahalanobis,hybrid,-3.275335800974834e-06
JCP2022_038869,MC,1,cosine,individual,0.09578697455095572
JCP2022_038869,MC,1,cosine,cluster_centroids,0.15004487817226858
JCP2022_038869,MC,1,cosine,hybrid,0.2159127867581769
JCP2022_038869,MC,1,pearson,individual,0.09407161444122333
JCP2022_038869,MC,1,pearson,cluster_centroids,0.14783509873106254
JCP2022_038869,MC,1,pearson,hybrid,0.21361366823022468
JCP2022_038869,MC,1,euclidean,individual,0.0008439747282823623
JCP2022_038869,MC,1,euclidean,cluster_centroids,0.0074669872871917994
JCP2022_038869,MC,1,euclidean,hybrid,0.009327830866403826
JCP2022_038869,MC,1,spearman,individual,0.09414655544993278
JCP2022_038869,MC,1,spearman,cluster_centroids,0.1542350119153209
JCP2022_038869,MC,1,spearman,hybrid,0.21116716926608503
JCP2022_038869,MC,1,mahalanobis,individual,2.1598375545757414e-05
JCP2022_038869,MC,1,mahalanobis,cluster_centroids,1.890697320830466e-05
JCP2022_038869,MC,1,mahalanobis,hybrid,8.543414640815914e-06
JCP2022_041200,MC,1,cosine,individual,-0.025435958166958622
JCP2022_041200,MC,1,cosine,cluster_centroids,0.007625708756179073
JCP2022_041200,MC,1,cosine,hybrid,0.03085229355897312
JCP2022_041200,MC,1,pearson,individual,-0.022397938015219193
JCP2022_041200,MC,1,pearson,cluster_centroids,0.009682304374639156
JCP2022_041200,MC,1,pearson,hybrid,0.03139169274302564
JCP2022_041200,MC,1,euclidean,individual,-0.001456862326697228
JCP2022_041200,MC,1,euclidean,cluster_centroids,0.0005437251343153593
JCP2022_041200,MC,1,euclidean,hybrid,0.008640451029186681
JCP2022_041200,MC,1,spearman,individual,-0.02484549193253166
JCP2022_041200,MC,1,spearman,cluster_centroids,0.007277992832083829
JCP2022_041200,MC,1,spearman,hybrid,0.027455568115403728
JCP2022_041200,MC,1,mahalanobis,individual,1.3984676957370132e-06
JCP2022_041200,MC,1,mahalanobis,cluster_centroids,7.183245210182551e-07
JCP2022_041200,MC,1,mahalanobis,hybrid,-8.837654649119904e-06
JCP2022_042812,MC,1,cosine,individual,-0.012797533736175565
JCP2022_042812,MC,1,cosine,cluster_centroids,-0.07706735940680165
JCP2022_042812,MC,1,cosine,hybrid,-0.004179909125457015
JCP2022_042812,MC,1,pearson,individual,-0.01093908197481469
JCP2022_042812,MC,1,pearson,cluster_centroids,-0.08694261434547909
JCP2022_042812,MC,1,pearson,hybrid,-0.014425672918847804
JCP2022_042812,MC,1,euclidean,individual,-0.0007752633756374291
JCP2022_042812,MC,1,euclidean,cluster_centroids,-0.0043782295303086485
JCP2022_042812,MC,1,euclidean,hybrid,0.001249979873870058
JCP2022_042812,MC,1,spearman,individual,-0.010361760042174928
JCP2022_042812,MC,1,spearman,cluster_centroids,-0.08589096753850325
JCP2022_042812,MC,1,spearman,hybrid,-0.010752410411298846
JCP2022_042812,MC,1,mahalanobis,individual,-2.950560344741165e-06
JCP2022_042812,MC,1,mahalanobis,cluster_centroids,-4.004887924263762e-06
JCP2022_042812,MC,1,mahalanobis,hybrid,-1.2847182877273784e-05
JCP2022_057256,MC,1,cosine,individual,0.041858578487131315
JCP2022_057256,MC,1,cosine,cluster_centroids,0.0763545119819796
JCP2022_057256,MC,1,cosine,hybrid,0.1418216660170171
JCP2022_057256,MC,1,pearson,individual,0.0425338529079598
JCP2022_057256,MC,1,pearson,cluster_centroids,0.07887283737038772
JCP2022_057256,MC,1,pearson,hybrid,0.14298937034456322
JCP2022_057256,MC,1,euclidean,individual,0.0002652943244909056
JCP2022_057256,MC,1,euclidean,cluster_centroids,0.007160671528672238
JCP2022_057256,MC,1,euclidean,hybrid,0.016990534548586803
JCP2022_057256,MC,1,spearman,individual,0.03788349459610646
JCP2022_057256,MC,1,spearman,cluster_centroids,0.07737222495430698
JCP2022_057256,MC,1,spearman,hybrid,0.13605430912371708
JCP2022_057256,MC,1,mahalanobis,individual,9.380171070334624e-06
JCP2022_057256,MC,1,mahalanobis,cluster_centroids,1.1126182391595305e-05
JCP2022_057256,MC,1,mahalanobis,hybrid,2.5082205245218717e-06
JCP2022_070737,MC,1,cosine,individual,0.01450994253413615
JCP2022_070737,MC,1,cosine,cluster_centroids,-0.017841413216069885
JCP2022_070737,MC,1,cosine,hybrid,0.03176808470732864
JCP2022_070737,MC,1,pearson,individual,0.015172328670835317
JCP2022_070737,MC,1,pearson,cluster_centroids,-0.01680562373280922
JCP2022_070737,MC,1,pearson,hybrid,0.030149909120553764
JCP2022_070737,MC,1,euclidean,individual,-0.002780789664824118
JCP2022_070737,MC,1,euclidean,cluster_centroids,-0.0038344131170847257
JCP2022_070737,MC,1,euclidean,hybrid,0.00836023241932056
JCP2022_070737,MC,1,spearman,individual,0.015927227469382882
JCP2022_070737,MC,1,spearman,cluster_centroids,-0.027759008732931884
JCP2022_070737,MC,1,spearman,hybrid,0.02371999725768842
JCP2022_070737,MC,1,mahalanobis,individual,-9.958808825195285e-07
JCP2022_070737,MC,1,mahalanobis,cluster_centroids,2.9093469701973334e-07
JCP2022_070737,MC,1,mahalanobis,hybrid,-8.876977690658672e-06
JCP2022_072255,MC,1,cosine,individual,0.058871157954409614
JCP2022_072255,MC,1,cosine,cluster_centroids,0.10237489329256058
JCP2022_072255,MC,1,cosine,hybrid,0.11983591604735938
JCP2022_072255,MC,1,pearson,individual,0.058654538910883125
JCP2022_072255,MC,1,pearson,cluster_centroids,0.10251942848040635
JCP2022_072255,MC,1,pearson,hybrid,0.1214313496344123
JCP2022_072255,MC,1,euclidean,individual,-0.00010238196201470609
JCP2022_072255,MC,1,euclidean,cluster_centroids,0.0018477217418510633
JCP2022_072255,MC,1,euclidean,hybrid,0.002452797629827065
JCP2022_072255,MC,1,spearman,individual,0.06918298699033515
JCP2022_072255,MC,1,spearman,cluster_centroids,0.1162431438268155
JCP2022_072255,MC,1,spearman,hybrid,0.12898906048789804
JCP2022_072255,MC,1,mahalanobis,individual,2.9483637692657267e-06
JCP2022_072255,MC,1,mahalanobis,cluster_centroids,1.2215454189186414e-06
JCP2022_072255,MC,1,mahalanobis,hybrid,-3.8559694642579726e-06
JCP2022_075502,MC,1,cosine,individual,0.005283596028457016
JCP2022_075502,MC,1,cosine,cluster_centroids,0.016466106216193432
JCP2022_075502,MC,1,cosine,hybrid,0.0530772683401981
JCP2022_075502,MC,1,pearson,individual,0.005780599366091405
JCP2022_075502,MC,1,pearson,cluster_centroids,0.019456202334509093
JCP2022_075502,MC,1,pearson,hybrid,0.05606973716929922
JCP2022_075502,MC,1,euclidean,individual,-0.0012825282974066599
JCP2022_075502,MC,1,euclidean,cluster_centroids,0.004795845421221856
JCP2022_075502,MC,1,euclidean,hybrid,0.01728856368620363
JCP2022_075502,MC,1,spearman,individual,0.0015068807103355009
JCP2022_075502,MC,1,spearman,cluster_centroids,0.011157758698774861
JCP2022_075502,MC,1,spearman,hybrid,0.05069171827353533
JCP2022_075502,MC,1,mahalanobis,individual,-2.3848580609089703e-06
JCP2022_075502,MC,1,mahalanobis,cluster_centroids,-1.4579745179494334e-06
JCP2022_075502,MC,1,mahalanobis,hybrid,-2.2429999457111905e-05
JCP2022_077738,MC,1,cosine,individual,-0.01435773434721288
JCP2022_077738,MC,1,cosine,cluster_centroids,-0.12897103071079177
JCP2022_077738,MC,1,cosine,hybrid,-0.06519619782315725
JCP2022_077738,MC,1,pearson,individual,-0.014493943996291017
JCP2022_077738,MC,1,pearson,cluster_centroids,-0.12631195874240395
JCP2022_077738,MC,1,pearson,hybrid,-0.0640893861482077
JCP2022_077738,MC,1,euclidean,individual,-0.004947433974680185
JCP2022_077738,MC,1,euclidean,cluster_centroids,-0.005209348733024352
JCP2022_077738,MC,1,euclidean,hybrid,0.004905436757487253
JCP2022_077738,MC,1,spearman,individual,-0.012431015337418277
JCP2022_077738,MC,1,spearman,cluster_centroids,-0.132962714110836
JCP2022_077738,MC,1,spearman,hybrid,-0.0638238782220978
JCP2022_077738,MC,1,mahalanobis,individual,-3.360236453074753e-06
JCP2022_077738,MC,1,mahalanobis,cluster_centroids,-1.2467259768216379e-05
JCP2022_077738,MC,1,mahalanobis,hybrid,-1.823931348240197e-05
JCP2022_080231,MC,1,cosine,individual,0.03314937798393053
JCP2022_080231,MC,1,cosine,cluster_centroids,0.07797875742560996
JCP2022_080231,MC,1,cosine,hybrid,0.04362860092429449
JCP2022_080231,MC,1,pearson,individual,0.03238274344523287
JCP2022_080231,MC,1,pearson,cluster_centroids,0.07731489911946801
JCP2022_080231,MC,1,pearson,hybrid,0.0427600473467101
JCP2022_080231,MC,1,euclidean,individual,-0.0002737354229951569
JCP2022_080231,MC,1,euclidean,cluster_centroids,-0.0003225954176595963
JCP2022_080231,MC,1,euclidean,hybrid,0.00014947704615446422
JCP2022_080231,MC,1,spearman,individual,0.03336182309469632
JCP2022_080231,MC,1,spearman,cluster_centroids,0.07228995947807426
JCP2022_080231,MC,1,spearman,hybrid,0.04607197558574261
JCP2022_080231,MC,1,mahalanobis,individual,3.3828941729331955e-06
JCP2022_080231,MC,1,mahalanobis,cluster_centroids,-1.659699036491844e-06
JCP2022_080231,MC,1,mahalanobis,hybrid,-1.3224285157771684e-05
JCP2022_082988,MC,1,cosine,individual,0.1504813777655823
JCP2022_082988,MC,1,cosine,cluster_centroids,0.284484975498601
JCP2022_082988,MC,1,cosine,hybrid,0.3018267147371825
JCP2022_082988,MC,1,pearson,individual,0.1502691023482155
JCP2022_082988,MC,1,pearson,cluster_centroids,0.28382996028827423
JCP2022_082988,MC,1,pearson,hybrid,0.30134276950530925
JCP2022_082988,MC,1,euclidean,individual,0.011304170399371628
JCP2022_082988,MC,1,euclidean,cluster_centroids,0.020438193543416656
JCP2022_082988,MC,1,euclidean,hybrid,0.02055570484075983
JCP2022_082988,MC,1,spearman,individual,0.1525851146674186
JCP2022_082988,MC,1,spearman,cluster_centroids,0.2852303095850126
JCP2022_082988,MC,1,spearman,hybrid,0.2982642979907464
JCP2022_082988,MC,1,mahalanobis,individual,3.7682691426524524e-05
JCP2022_082988,MC,1,mahalanobis,cluster_centroids,2.4571821914377025e-05
JCP2022_082988,MC,1,mahalanobis,hybrid,1.7819372494861772e-05
JCP2022_087675,MC,1,cosine,individual,0.004471544415320966
JCP2022_087675,MC,1,cosine,cluster_centroids,0.00966686885550902
JCP2022_087675,MC,1,cosine,hybrid,0.06137890634167953
JCP2022_087675,MC,1,pearson,individual,0.005973989465418439
JCP2022_087675,MC,1,pearson,cluster_centroids,0.0074816149500378515
JCP2022_087675,MC,1,pearson,hybrid,0.060364361745934736
JCP2022_087675,MC,1,euclidean,individual,0.0013672985347793487
JCP2022_087675,MC,1,euclidean,cluster_centroids,0.003173754377090346
JCP2022_087675,MC,1,euclidean,hybrid,0.016850345652107163
JCP2022_087675,MC,1,spearman,individual,0.0007036764609109902
JCP2022_087675,MC,1,spearman,cluster_centroids,-0.0022617332240652266
JCP2022_087675,MC,1,spearman,hybrid,0.050678815301903546
JCP2022_087675,MC,1,mahalanobis,individual,3.801754885922353e-06
JCP2022_087675,MC,1,mahalanobis,cluster_centroids,-3.232855505175313e-06
JCP2022_087675,MC,1,mahalanobis,hybrid,-1.4140854909897035e-05
JCP2022_092705,MC,1,cosine,individual,-0.012035907031021698
JCP2022_092705,MC,1,cosine,cluster_centroids,-0.07366807753221843
JCP2022_092705,MC,1,cosine,hybrid,-0.005093596694498992
JCP2022_092705,MC,1,pearson,individual,-0.011488022759766042
JCP2022_092705,MC,1,pearson,cluster_centroids,-0.07545360261764081
JCP2022_092705,MC,1,pearson,hybrid,-0.0076255631044246375
JCP2022_092705,MC,1,euclidean,individual,8.070813855437509e-05
JCP2022_092705,MC,1,euclidean,cluster_centroids,-0.010739694130089114
JCP2022_092705,MC,1,euclidean,hybrid,0.009037171742507344
JCP2022_092705,MC,1,spearman,individual,-0.0161554925068573
JCP2022_092705,MC,1,spearman,cluster_centroids,-0.0759207696754475
JCP2022_092705,MC,1,spearman,hybrid,-0.011130501888034466
JCP2022_092705,MC,1,mahalanobis,individual,7.860101661804269e-06
JCP2022_092705,MC,1,mahalanobis,cluster_centroids,1.8367813440054202e-06
JCP2022_092705,MC,1,mahalanobis,hybrid,-6.752179406662397e-06
JCP2022_102183,MC,1,cosine,individual,-0.01029786089006339
JCP2022_102183,MC,1,cosine,cluster_centroids,-0.017723795089827243
JCP2022_102183,MC,1,cosine,hybrid,0.03453038006894432
JCP2022_102183,MC,1,pearson,individual,-0.008850378300437264
JCP2022_102183,MC,1,pearson,cluster_centroids,-0.01574272498749643
JCP2022_102183,MC,1,pearson,hybrid,0.031741163161397995
JCP2022_102183,MC,1,euclidean,individual,-0.002167116400290693
JCP2022_102183,MC,1,euclidean,cluster_centroids,-0.0003202237031215069
JCP2022_102183,MC,1,euclidean,hybrid,0.004399166248209317
JCP2022_102183,MC,1,spearman,individual,-0.01425855783141991
JCP2022_102183,MC,1,spearman,cluster_centroids,-0.014683481360524914
JCP2022_102183,MC,1,spearman,hybrid,0.021083145975016912
JCP2022_102183,MC,1,mahalanobis,individual,-1.7614475281952193e-06
JCP2022_102183,MC,1,mahalanobis,cluster_centroids,-4.807351895278172e-06
JCP2022_102183,MC,1,mahalanobis,hybrid,-1.1696541506950206e-05
JCP2022_102809,MC,1,cosine,individual,0.04379395761049917
JCP2022_102809,MC,1,cosine,cluster_centroids,0.06265299293382406
JCP2022_102809,MC,1,cosine,hybrid,0.10474154125460342
JCP2022_102809,MC,1,pearson,individual,0.046804548554197134
JCP2022_102809,MC,1,pearson,cluster_centroids,0.0691973349037735
JCP2022_102809,MC,1,pearson,hybrid,0.10946245686557188
JCP2022_102809,MC,1,euclidean,individual,-0.0005078435265516816
JCP2022_102809,MC,1,euclidean,cluster_centroids,0.002656000924242421
JCP2022_102809,MC,1,euclidean,hybrid,0.0035502069013229123
JCP2022_102809,MC,1,spearman,individual,0.05495113257553896
JCP2022_102809,MC,1,spearman,cluster_centroids,0.07050633869950718
JCP2022_102809,MC,1,spearman,hybrid,0.1111930784331216
JCP2022_102809,MC,1,mahalanobis,individual,2.061516441621177e-06
JCP2022_102809,MC,1,mahalanobis,cluster_centroids,2.6286868637035848e-06
JCP2022_102809,MC,1,mahalanobis,hybrid,-2.905176342673733e-06
JCP2022_116417,MC,1,cosine,individual,-0.03570703611469456
JCP2022_116417,MC,1,cosine,cluster_centroids,-0.03962182089743321
JCP2022_116417,MC,1,cosine,hybrid,0.022739152546450758
JCP2022_116417,MC,1,pearson,individual,-0.03621505536620706
JCP2022_116417,MC,1,pearson,cluster_centroids,-0.037971512285349174
JCP2022_116417,MC,1,pearson,hybrid,0.022497222833538333
JCP2022_116417,MC,1,euclidean,individual,-0.00274762587582502
JCP2022_116417,MC,1,euclidean,cluster_centroids,-0.003932802524943962
JCP2022_116417,MC,1,euclidean,hybrid,0.0065662680746628385
JCP2022_116417,MC,1,spearman,individual,-0.03069475018513612
JCP2022_116417,MC,1,spearman,cluster_centroids,-0.037793965176944055
JCP2022_116417,MC,1,spearman,hybrid,0.021497133518832173
JCP2022_116417,MC,1,mahalanobis,individual,-1.3030900462877659e-06
JCP2022_116417,MC,1,mahalanobis,cluster_centroids,-4.114146163327652e-06
JCP2022_116417,MC,1,mahalanobis,hybrid,-1.57549754128786e-05
JCP2022_116714,MC,1,cosine,individual,-0.013395673715698275
JCP2022_116714,MC,1,cosine,cluster_centroids,-0.02106716152792254
JCP2022_116714,MC,1,cosine,hybrid,0.03139973680026026
JCP2022_116714,MC,1,pearson,individual,-0.012178027793331186
JCP2022_116714,MC,1,pearson,cluster_centroids,-0.0232785419837844
JCP2022_116714,MC,1,pearson,hybrid,0.028909309257716204
JCP2022_116714,MC,1,euclidean,individual,-0.004267876691443351
JCP2022_116714,MC,1,euclidean,cluster_centroids,-0.0018954289220181192
JCP2022_116714,MC,1,euclidean,hybrid,0.012620544072848003
JCP2022_116714,MC,1,spearman,individual,-0.009092804394075449
JCP2022_116714,MC,1,spearman,cluster_centroids,-0.019575198619026485
JCP2022_116714,MC,1,spearman,hybrid,0.037908735675945215
JCP2022_116714,MC,1,mahalanobis,individual,-2.2448991114364407e-06
JCP2022_116714,MC,1,mahalanobis,cluster_centroids,-1.4119647973226499e-05
JCP2022_116714,MC,1,mahalanobis,hybrid,-2.5519194310479e-05
JCP2022_000438,NOMC,0,cosine,individual,0.04889861911114507
JCP2022_000438,NOMC,0,cosine,cluster_centroids,0.07508430666877677
JCP2022_000438,NOMC,0,cosine,hybrid,0.09331524414662329
JCP2022_000438,NOMC,0,pearson,individual,0.04924173940201282
JCP2022_000438,NOMC,0,pearson,cluster_centroids,0.07320446740855927
JCP2022_000438,NOMC,0,pearson,hybrid,0.09489085197895106
JCP2022_000438,NOMC,0,euclidean,individual,-3.9558888007350246e-05
JCP2022_000438,NOMC,0,euclidean,cluster_centroids,-0.00012051201962382657
JCP2022_000438,NOMC,0,euclidean,hybrid,0.0007734192022630371
JCP2022_000438,NOMC,0,spearman,individual,0.05565220550350736
JCP2022_000438,NOMC,0,spearman,cluster_centroids,0.07907135994195612
JCP2022_000438,NOMC,0,spearman,hybrid,0.10100742674975835
JCP2022_000438,NOMC,0,mahalanobis,individual,5.727682858213078e-06
JCP2022_000438,NOMC,0,mahalanobis,cluster_centroids,2.162478780618481e-06
JCP2022_000438,NOMC,0,mahalanobis,hybrid,-1.0725977198196429e-06
JCP2022_000870,NOMC,0,cosine,individual,0.029044683672704713
JCP2022_000870,NOMC,0,cosine,cluster_centroids,0.044433084744155804
JCP2022_000870,NOMC,0,cosine,hybrid,0.10510041241150295
JCP2022_000870,NOMC,0,pearson,individual,0.027351928477602705
JCP2022_000870,NOMC,0,pearson,cluster_centroids,0.042981435941503526
JCP2022_000870,NOMC,0,pearson,hybrid,0.10311325037890248
JCP2022_000870,NOMC,0,euclidean,individual,0.005238008896402524
JCP2022_000870,NOMC,0,euclidean,cluster_centroids,0.007261152226771067
JCP2022_000870,NOMC,0,euclidean,hybrid,0.021113351394031213
JCP2022_000870,NOMC,0,spearman,individual,0.029386893511230333
JCP2022_000870,NOMC,0,spearman,cluster_centroids,0.048751455419358464
JCP2022_000870,NOMC,0,spearman,hybrid,0.10936183421992518
JCP2022_000870,NOMC,0,mahalanobis,individual,9.277254399131521e-06
JCP2022_000870,NOMC,0,mahalanobis,cluster_centroids,5.139461153400086e-06
JCP2022_000870,NOMC,0,mahalanobis,hybrid,-1.8030393613806332e-06
JCP2022_012554,NOMC,0,cosine,individual,0.027408520823676674
JCP2022_012554,NOMC,0,cosine,cluster_centroids,-0.008829804056395274
JCP2022_012554,NOMC,0,cosine,hybrid,0.04786565082496974
JCP2022_012554,NOMC,0,pearson,individual,0.027491256733425506
JCP2022_012554,NOMC,0,pearson,cluster_centroids,-0.008613766516269689
JCP2022_012554,NOMC,0,pearson,hybrid,0.047742867370123954
JCP2022_012554,NOMC,0,euclidean,individual,-0.0001497153003588783
JCP2022_012554,NOMC,0,euclidean,cluster_centroids,0.0005005949603231197
JCP2022_012554,NOMC,0,euclidean,hybrid,0.008100994851231953
JCP2022_012554,NOMC,0,spearman,individual,0.020428025096470293
JCP2022_012554,NOMC,0,spearman,cluster_centroids,-0.012832822476013195
JCP2022_012554,NOMC,0,spearman,hybrid,0.04209264465528664
JCP2022_012554,NOMC,0,mahalanobis,individual,4.492287771005332e-06
JCP2022_012554,NOMC,0,mahalanobis,cluster_centroids,3.3072784074266977e-06
JCP2022_012554,NOMC,0,mahalanobis,hybrid,-6.7665040560365705e-06
JCP2022_014767,NOMC,0,cosine,individual,0.010887896057885926
JCP2022_014767,NOMC,0,cosine,cluster_centroids,0.0008028418380017222
JCP2022_014767,NOMC,0,cosine,hybrid,0.036929666315827864
JCP2022_014767,NOMC,0,pearson,individual,0.010398009289815768
JCP2022_014767,NOMC,0,pearson,cluster_centroids,0.004029343823146431
JCP2022_014767,NOMC,0,pearson,hybrid,0.03610779901807859
JCP2022_014767,NOMC,0,euclidean,individual,-0.002807170262987213
JCP2022_014767,NOMC,0,euclidean,cluster_centroids,0.0030235374114090108
JCP2022_014767,NOMC,0,euclidean,hybrid,0.008232750951461358
JCP2022_014767,NOMC,0,spearman,individual,0.012579035360651136
JCP2022_014767,NOMC,0,spearman,cluster_centroids,0.006399902602635482
JCP2022_014767,NOMC,0,spearman,hybrid,0.045608087949636694
JCP2022_014767,NOMC,0,mahalanobis,individual,4.1331839110091796e-06
JCP2022_014767,NOMC,0,mahalanobis,cluster_centroids,5.632627955282543e-06
JCP2022_014767,NOMC,0,mahalanobis,hybrid,-3.47590842103565e-06
JCP2022_016996,NOMC,0,cosine,individual,0.05476884722167809
JCP2022_016996,NOMC,0,cosine,cluster_centroids,0.09290382329551741
JCP2022_016996,NOMC,0,cosine,hybrid,0.12467267975468048
JCP2022_016996,NOMC,0,pearson,individual,0.05488946410440387
JCP2022_016996,NOMC,0,pearson,cluster_centroids,0.09390742236963989
JCP2022_016996,NOMC,0,pearson,hybrid,0.12504233008587892
JCP2022_016996,NOMC,0,euclidean,individual,-5.998995197077639e-06
JCP2022_016996,NOMC,0,euclidean,cluster_centroids,0.0077955931367243575
JCP2022_016996,NOMC,0,euclidean,hybrid,0.013861819076418425
JCP2022_016996,NOMC,0,spearman,individual,0.0514225884639921
JCP2022_016996,NOMC,0,spearman,cluster_centroids,0.0793464799704161
JCP2022_016996,NOMC,0,spearman,hybrid,0.11449853876713599
JCP2022_016996,NOMC,0,mahalanobis,individual,1.5097497037037635e-05
JCP2022_016996,NOMC,0,mahalanobis,cluster_centroids,1.243024672389804e-05
JCP2022_016996,NOMC,0,mahalanobis,hybrid,6.749017896370244e-06
JCP2022_019632,NOMC,0,cosine,individual,0.0157867928473224
JCP2022_019632,NOMC,0,cosine,cluster_centroids,-0.07541950931122401
JCP2022_019632,NOMC,0,cosine,hybrid,0.029822654986617236
JCP2022_019632,NOMC,0,pearson,individual,0.017107071252616013
JCP2022_019632,NOMC,0,pearson,cluster_centroids,-0.07199855777453659
JCP2022_019632,NOMC,0,pearson,hybrid,0.0318656285078851
JCP2022_019632,NOMC,0,euclidean,individual,-0.002744412910550144
JCP2022_019632,NOMC,0,euclidean,cluster_centroids,-0.0073613950341595985
JCP2022_019632,NOMC,0,euclidean,hybrid,0.005651988461148373
JCP2022_019632,NOMC,0,spearman,individual,0.011472542462030944
JCP2022_019632,NOMC,0,spearman,cluster_centroids,-0.08262654438893205
JCP2022_019632,NOMC,0,spearman,hybrid,0.023298715233910694
JCP2022_019632,NOMC,0,mahalanobis,individual,7.559373533696961e-06
JCP2022_019632,NOMC,0,mahalanobis,cluster_centroids,5.705986884158013e-06
JCP2022_019632,NOMC,0,mahalanobis,hybrid,-7.093112683146933e-06
JCP2022_021857,NOMC,0,cosine,individual,0.027928376697591434
JCP2022_021857,NOMC,0,cosine,cluster_centroids,0.011626608322239995
JCP2022_021857,NOMC,0,cosine,hybrid,0.03155216417943954
JCP2022_021857,NOMC,0,pearson,individual,0.02861794097008874
JCP2022_021857,NOMC,0,pearson,cluster_centroids,0.0007852620370358138
JCP2022_021857,NOMC,0,pearson,hybrid,0.024451587418112278
JCP2022_021857,NOMC,0,euclidean,individual,-0.000819427839642374
JCP2022_021857,NOMC,0,euclidean,cluster_centroids,-0.0010775990642988356
JCP2022_021857,NOMC,0,euclidean,hybrid,0.0037286593090970557
JCP2022_021857,NOMC,0,spearman,individual,0.008005284598408047
JCP2022_021857,NOMC,0,spearman,cluster_centroids,-0.015599491989935585
JCP2022_021857,NOMC,0,spearman,hybrid,0.0040536663836901465
JCP2022_021857,NOMC,0,mahalanobis,individual,1.652744309390712e-05
JCP2022_021857,NOMC,0,mahalanobis,cluster_centroids,9.509324314454462e-06
JCP2022_021857,NOMC,0,mahalanobis,hybrid,2.4443160287998013e-06
JCP2022_028603,NOMC,0,cosine,individual,0.019542966619161842
JCP2022_028603,NOMC,0,cosine,cluster_centroids,0.024918919817721985
JCP2022_028603,NOMC,0,cosine,hybrid,0.050533433594885144
JCP2022_028603,NOMC,0,pearson,individual,0.019636381109935194
JCP2022_028603,NOMC,0,pearson,cluster_centroids,0.025264684286347275
JCP2022_028603,NOMC,0,pearson,hybrid,0.05074428624503052
JCP2022_028603,NOMC,0,euclidean,individual,-0.0007586035922522161
JCP2022_028603,NOMC,0,euclidean,cluster_centroids,0.001559262039586104
JCP2022_028603,NOMC,0,euclidean,hybrid,0.016935930094601287
JCP2022_028603,NOMC,0,spearman,individual,0.020273349740752053
JCP2022_028603,NOMC,0,spearman,cluster_centroids,0.018543964452943942
JCP2022_028603,NOMC,0,spearman,hybrid,0.05025938557138672
JCP2022_028603,NOMC,0,mahalanobis,individual,-3.1918007845091684e-06
JCP2022_028603,NOMC,0,mahalanobis,cluster_centroids,-3.6958590147910867e-06
JCP2022_028603,NOMC,0,mahalanobis,hybrid,-1.1578449271715035e-05
JCP2022_036434,NOMC,0,cosine,individual,0.023321712191373065
JCP2022_036434,NOMC,0,cosine,cluster_centroids,0.07849420285560302
JCP2022_036434,NOMC,0,cosine,hybrid,0.09354319327462456
JCP2022_036434,NOMC,0,pearson,individual,0.02287631266987865
JCP2022_036434,NOMC,0,pearson,cluster_centroids,0.07232526559628998
JCP2022_036434,NOMC,0,pearson,hybrid,0.08796270451590667
JCP2022_036434,NOMC,0,euclidean,individual,0.0005260593762597549
JCP2022_036434,NOMC,0,euclidean,cluster_centroids,0.0037142489363979833
JCP2022_036434,NOMC,0,euclidean,hybrid,0.005434771898492577
JCP2022_036434,NOMC,0,spearman,individual,0.02204530910029097
JCP2022_036434,NOMC,0,spearman,cluster_centroids,0.061947697259698425
JCP2022_036434,NOMC,0,spearman,hybrid,0.08432900834326217
JCP2022_036434,NOMC,0,mahalanobis,individual,7.997770821577355e-06
JCP2022_036434,NOMC,0,mahalanobis,cluster_centroids,8.144377221934416e-07
JCP2022_036434,NOMC,0,mahalanobis,hybrid,-2.8061537407109103e-06
JCP2022_036506,NOMC,0,cosine,individual,0.005322083065502997
JCP2022_036506,NOMC,0,cosine,cluster_centroids,-0.037868731139986345
JCP2022_036506,NOMC,0,cosine,hybrid,0.059416570624873294
JCP2022_036506,NOMC,0,pearson,individual,0.005724879647256209
JCP2022_036506,NOMC,0,pearson,cluster_centroids,-0.03804887620745237
JCP2022_036506,NOMC,0,pearson,hybrid,0.06000882102611291
JCP2022_036506,NOMC,0,euclidean,individual,-0.0017390770314602635
JCP2022_036506,NOMC,0,euclidean,cluster_centroids,-0.0015760043250729189
JCP2022_036506,NOMC,0,euclidean,hybrid,0.010056770339992888
JCP2022_036506,NOMC,0,spearman,individual,0.002190675125625541
JCP2022_036506,NOMC,0,spearman,cluster_centroids,-0.035074506202558836
JCP2022_036506,NOMC,0,spearman,hybrid,0.05998156824839038
JCP2022_036506,NOMC,0,mahalanobis,individual,7.903612852419389e-06
JCP2022_036506,NOMC,0,mahalanobis,cluster_centroids,5.48127082451651e-06
JCP2022_036506,NOMC,0,mahalanobis,hybrid,-1.5884813272812402e-06
JCP2022_044388,NOMC,0,cosine,individual,0.027721268466236335
JCP2022_044388,NOMC,0,cosine,cluster_centroids,0.09326358626813622
JCP2022_044388,NOMC,0,cosine,hybrid,0.08180312489681549
JCP2022_044388,NOMC,0,pearson,individual,0.027242676236902255
JCP2022_044388,NOMC,0,pearson,cluster_centroids,0.09457837401889109
JCP2022_044388,NOMC,0,pearson,hybrid,0.0800619380075301
JCP2022_044388,NOMC,0,euclidean,individual,-0.0014194774807065394
JCP2022_044388,NOMC,0,euclidean,cluster_centroids,0.004969112406634876
JCP2022_044388,NOMC,0,euclidean,hybrid,0.01125657283481138
JCP2022_044388,NOMC,0,spearman,individual,0.030596661794791327
JCP2022_044388,NOMC,0,spearman,cluster_centroids,0.1025462523505272
JCP2022_044388,NOMC,0,spearman,hybrid,0.08796723058100622
JCP2022_044388,NOMC,0,mahalanobis,individual,1.0541060589798972e-06
JCP2022_044388,NOMC,0,mahalanobis,cluster_centroids,3.6927481916717626e-06
JCP2022_044388,NOMC,0,mahalanobis,hybrid,-6.042459625868528e-06
JCP2022_045678,NOMC,0,cosine,individual,0.06700251393705625
JCP2022_045678,NOMC,0,cosine,cluster_centroids,0.12379027961910463
JCP2022_045678,NOMC,0,cosine,hybrid,0.14877291783327123
JCP2022_045678,NOMC,0,pearson,individual,0.06714655874548767
JCP2022_045678,NOMC,0,pearson,cluster_centroids,0.12225193390452932
JCP2022_045678,NOMC,0,pearson,hybrid,0.1471681802397421
JCP2022_045678,NOMC,0,euclidean,individual,0.004770312596517931
JCP2022_045678,NOMC,0,euclidean,cluster_centroids,0.02483993641029064
JCP2022_045678,NOMC,0,euclidean,hybrid,0.03111860354231398
JCP2022_045678,NOMC,0,spearman,individual,0.06657874581796769
JCP2022_045678,NOMC,0,spearman,cluster_centroids,0.1078338041054216
JCP2022_045678,NOMC,0,spearman,hybrid,0.14068275128171664
JCP2022_045678,NOMC,0,mahalanobis,individual,2.4747667560749096e-05
JCP2022_045678,NOMC,0,mahalanobis,cluster_centroids,3.071020472795396e-05
JCP2022_045678,NOMC,0,mahalanobis,hybrid,1.2862112912781298e-05
JCP2022_051917,NOMC,0,cosine,individual,0.0593464143051502
JCP2022_051917,NOMC,0,cosine,cluster_centroids,0.09208172660502661
JCP2022_051917,NOMC,0,cosine,hybrid,0.1056830632100827
JCP2022_051917,NOMC,0,pearson,individual,0.06277029539839993
JCP2022_051917,NOMC,0,pearson,cluster_centroids,0.0946870295406998
JCP2022_051917,NOMC,0,pearson,hybrid,0.10851868612965851
JCP2022_051917,NOMC,0,euclidean,individual,0.0005234386813093572
JCP2022_051917,NOMC,0,euclidean,cluster_centroids,0.0064362275641848266
JCP2022_051917,NOMC,0,euclidean,hybrid,0.012545381003894254
JCP2022_051917,NOMC,0,spearman,individual,0.051387890939610714
JCP2022_051917,NOMC,0,spearman,cluster_centroids,0.06721302723011596
JCP2022_051917,NOMC,0,spearman,hybrid,0.08286774393863552
JCP2022_051917,NOMC,0,mahalanobis,individual,5.197089477272093e-06
JCP2022_051917,NOMC,0,mahalanobis,cluster_centroids,1.2048516884667762e-05
JCP2022_051917,NOMC,0,mahalanobis,hybrid,-2.727652617655991e-06
JCP2022_055115,NOMC,0,cosine,individual,0.004868135843116184
JCP2022_055115,NOMC,0,cosine,cluster_centroids,0.06423444107589785
JCP2022_055115,NOMC,0,cosine,hybrid,0.03910169891202281
JCP2022_055115,NOMC,0,pearson,individual,0.0021406302242060193
JCP2022_055115,NOMC,0,pearson,cluster_centroids,0.06983784219733491
JCP2022_055115,NOMC,0,pearson,hybrid,0.04638238878056111
JCP2022_055115,NOMC,0,euclidean,individual,0.001355195778779579
JCP2022_055115,NOMC,0,euclidean,cluster_centroids,0.006338204940182543
JCP2022_055115,NOMC,0,euclidean,hybrid,0.010929826127769514
JCP2022_055115,NOMC,0,spearman,individual,-0.0005064961157610903
JCP2022_055115,NOMC,0,spearman,cluster_centroids,0.062473034581368936
JCP2022_055115,NOMC,0,spearman,hybrid,0.041804062526424185
JCP2022_055115,NOMC,0,mahalanobis,individual,4.093607035122286e-06
JCP2022_055115,NOMC,0,mahalanobis,cluster_centroids,9.128204615311847e-06
JCP2022_055115,NOMC,0,mahalanobis,hybrid,-2.9420688125036823e-06
JCP2022_060649,NOMC,0,cosine,individual,0.030001689055545677
JCP2022_060649,NOMC,0,cosine,cluster_centroids,0.07261151334245024
JCP2022_060649,NOMC,0,cosine,hybrid,0.06857445517894736
JCP2022_060649,NOMC,0,pearson,individual,0.030142864491203084
JCP2022_060649,NOMC,0,pearson,cluster_centroids,0.07237580047997494
JCP2022_060649,NOMC,0,pearson,hybrid,0.06915279843017548
JCP2022_060649,NOMC,0,euclidean,individual,0.0019271324653883787
JCP2022_060649,NOMC,0,euclidean,cluster_centroids,0.01038123991846196
JCP2022_060649,NOMC,0,euclidean,hybrid,0.016680629855007817
JCP2022_060649,NOMC,0,spearman,individual,0.031608785226223624
JCP2022_060649,NOMC,0,spearman,cluster_centroids,0.06726053883899118
JCP2022_060649,NOMC,0,spearman,hybrid,0.06931077515404926
JCP2022_060649,NOMC,0,mahalanobis,individual,5.587311557389153e-06
JCP2022_060649,NOMC,0,mahalanobis,cluster_centroids,8.704737900193561e-06
JCP2022_060649,NOMC,0,mahalanobis,hybrid,-5.642947740435093e-06
JCP2022_076432,NOMC,0,cosine,individual,0.01606810427664629
JCP2022_076432,NOMC,0,cosine,cluster_centroids,-0.020206541247544202
JCP2022_076432,NOMC,0,cosine,hybrid,0.006716974635799927
JCP2022_076432,NOMC,0,pearson,individual,0.01503117240912033
JCP2022_076432,NOMC,0,pearson,cluster_centroids,-0.018501894951082773
JCP2022_076432,NOMC,0,pearson,hybrid,0.006700252602577533
JCP2022_076432,NOMC,0,euclidean,individual,-7.735003321279743e-05
JCP2022_076432,NOMC,0,euclidean,cluster_centroids,-0.002052771994258573
JCP2022_076432,NOMC,0,euclidean,hybrid,0.01382953411415662
JCP2022_076432,NOMC,0,spearman,individual,0.01203820300371429
JCP2022_076432,NOMC,0,spearman,cluster_centroids,-0.007529944858147175
JCP2022_076432,NOMC,0,spearman,hybrid,0.005590307081262652
JCP2022_076432,NOMC,0,mahalanobis,individual,9.280818492093511e-07
JCP2022_076432,NOMC,0,mahalanobis,cluster_centroids,-8.527029289645045e-06
JCP2022_076432,NOMC,0,mahalanobis,hybrid,-1.1750555911520634e-05
JCP2022_082605,NOMC,0,cosine,individual,0.009732083375286638
JCP2022_082605,NOMC,0,cosine,cluster_centroids,-0.030218591320178068
JCP2022_082605,NOMC,0,cosine,hybrid,0.0202792355628012
JCP2022_082605,NOMC,0,pearson,individual,0.010268632126302107
JCP2022_082605,NOMC,0,pearson,cluster_centroids,-0.03002287690055397
JCP2022_082605,NOMC,0,pearson,hybrid,0.020397979361171603
JCP2022_082605,NOMC,0,euclidean,individual,0.00162372562050659
JCP2022_082605,NOMC,0,euclidean,cluster_centroids,-0.002145186967055228
JCP2022_082605,NOMC,0,euclidean,hybrid,0.0057924561434578095
JCP2022_082605,NOMC,0,spearman,individual,0.009609989905001726
JCP2022_082605,NOMC,0,spearman,cluster_centroids,-0.005430875096453264
JCP2022_082605,NOMC,0,spearman,hybrid,0.03352207226770901
JCP2022_082605,NOMC,0,mahalanobis,individual,1.123840198753594e-05
JCP2022_082605,NOMC,0,mahalanobis,cluster_centroids,5.298353894339427e-06
JCP2022_082605,NOMC,0,mahalanobis,hybrid,-3.2144857642357207e-06
JCP2022_084136,NOMC,0,cosine,individual,0.022517447663755713
JCP2022_084136,NOMC,0,cosine,cluster_centroids,-0.01941401424224412
JCP2022_084136,NOMC,0,cosine,hybrid,0.004544340529428259
JCP2022_084136,NOMC,0,pearson,individual,0.02183186453393006
JCP2022_084136,NOMC,0,pearson,cluster_centroids,-0.02300102782772076
JCP2022_084136,NOMC,0,pearson,hybrid,0.0027539903657784887
JCP2022_084136,NOMC,0,euclidean,individual,-0.0017891044956823282
JCP2022_084136,NOMC,0,euclidean,cluster_centroids,-0.003543960742391161
JCP2022_084136,NOMC,0,euclidean,hybrid,0.003044421986672194
JCP2022_084136,NOMC,0,spearman,individual,0.023317307219721972
JCP2022_084136,NOMC,0,spearman,cluster_centroids,-0.01232470345315348
JCP2022_084136,NOMC,0,spearman,hybrid,0.008417345298459666
JCP2022_084136,NOMC,0,mahalanobis,individual,3.724975977006115e-06
JCP2022_084136,NOMC,0,mahalanobis,cluster_centroids,1.6858827577941716e-06
JCP2022_084136,NOMC,0,mahalanobis,hybrid,-6.221194471816492e-06
JCP2022_093460,NOMC,0,cosine,individual,0.009979310435756797
JCP2022_093460,NOMC,0,cosine,cluster_centroids,0.055945919933164015
JCP2022_093460,NOMC,0,cosine,hybrid,0.034888220652549554
JCP2022_093460,NOMC,0,pearson,individual,0.009898760888616201
JCP2022_093460,NOMC,0,pearson,cluster_centroids,0.05686884429984611
JCP2022_093460,NOMC,0,pearson,hybrid,0.03510240564795267
JCP2022_093460,NOMC,0,euclidean,individual,-0.003936440632956992
JCP2022_093460,NOMC,0,euclidean,cluster_centroids,-0.00020924869270534663
JCP2022_093460,NOMC,0,euclidean,hybrid,0.006046460767766715
JCP2022_093460,NOMC,0,spearman,individual,0.011513439147449622
JCP2022_093460,NOMC,0,spearman,cluster_centroids,0.05775001650863537
JCP2022_093460,NOMC,0,spearman,hybrid,0.03316027007582675
JCP2022_093460,NOMC,0,mahalanobis,individual,-3.2168109505371955e-06
JCP2022_093460,NOMC,0,mahalanobis,cluster_centroids,5.449821708365299e-06
JCP2022_093460,NOMC,0,mahalanobis,hybrid,-1.0348196239100073e-05
JCP2022_093901,NOMC,0,cosine,individual,0.025313869462827376
JCP2022_093901,NOMC,0,cosine,cluster_centroids,0.0734787277704679
JCP2022_093901,NOMC,0,cosine,hybrid,0.11814038872109794
JCP2022_093901,NOMC,0,pearson,individual,0.024175250977614943
JCP2022_093901,NOMC,0,pearson,cluster_centroids,0.07311899257688179
JCP2022_093901,NOMC,0,pearson,hybrid,0.1159844516374525
JCP2022_093901,NOMC,0,euclidean,individual,0.003949147256506885
JCP2022_093901,NOMC,0,euclidean,cluster_centroids,0.01274816311927257
JCP2022_093901,NOMC,0,euclidean,hybrid,0.026055162666535694
JCP2022_093901,NOMC,0,spearman,individual,0.03191515051732169
JCP2022_093901,NOMC,0,spearman,cluster_centroids,0.060443698213027336
JCP2022_093901,NOMC,0,spearman,hybrid,0.11780412813086666
JCP2022_093901,NOMC,0,mahalanobis,individual,5.6378768285388265e-06
JCP2022_093901,NOMC,0,mahalanobis,cluster_centroids,9.047435959263044e-06
JCP2022_093901,NOMC,0,mahalanobis,hybrid,-5.5490300814122525e-06
JCP2022_098802,NOMC,0,cosine,individual,0.012578930130716037
JCP2022_098802,NOMC,0,cosine,cluster_centroids,-0.08301017394453897
JCP2022_098802,NOMC,0,cosine,hybrid,-0.0004660256013934161
JCP2022_098802,NOMC,0,pearson,individual,0.012307090150276256
JCP2022_098802,NOMC,0,pearson,cluster_centroids,-0.08208656253529478
JCP2022_098802,NOMC,0,pearson,hybrid,-0.0011030769467891832
JCP2022_098802,NOMC,0,euclidean,individual,0.0017106163922331746
JCP2022_098802,NOMC,0,euclidean,cluster_centroids,-0.008319850367291853
JCP2022_098802,NOMC,0,euclidean,hybrid,0.0053691706438756745
JCP2022_098802,NOMC,0,spearman,individual,0.015573597159534103
JCP2022_098802,NOMC,0,spearman,cluster_centroids,-0.0823696175504729
JCP2022_098802,NOMC,0,spearman,hybrid,-0.0010347982535799383
JCP2022_098802,NOMC,0,mahalanobis,individual,1.2663154823686204e-07
JCP2022_098802,NOMC,0,mahalanobis,cluster_centroids,3.995783398367828e-06
JCP2022_098802,NOMC,0,mahalanobis,hybrid,-6.742583467546045e-06
JCP2022_101494,NOMC,0,cosine,individual,0.015335309057355653
JCP2022_101494,NOMC,0,cosine,cluster_centroids,0.08402383593443685
JCP2022_101494,NOMC,0,cosine,hybrid,0.04619836357910337
JCP2022_101494,NOMC,0,pearson,individual,0.01667842109395473
JCP2022_101494,NOMC,0,pearson,cluster_centroids,0.08537441209260971
JCP2022_101494,NOMC,0,pearson,hybrid,0.045370420487020474
JCP2022_101494,NOMC,0,euclidean,individual,-0.0011383214546002232
JCP2022_101494,NOMC,0,euclidean,cluster_centroids,0.005059094901909582
JCP2022_101494,NOMC,0,euclidean,hybrid,0.005046778278123491
JCP2022_101494,NOMC,0,spearman,individual,0.018149423121041314
JCP2022_101494,NOMC,0,spearman,cluster_centroids,0.08060347313014937
JCP2022_101494,NOMC,0,spearman,hybrid,0.0349062457178263
JCP2022_101494,NOMC,0,mahalanobis,individual,-1.1207935496496054e-06
JCP2022_101494,NOMC,0,mahalanobis,cluster_centroids,6.6844616514856e-06
JCP2022_101494,NOMC,0,mahalanobis,hybrid,-6.631914683360247e-06
JCP2022_108984,NOMC,0,cosine,individual,0.01798456220604798
JCP2022_108984,NOMC,0,cosine,cluster_centroids,0.07731251179696358
JCP2022_108984,NOMC,0,cosine,hybrid,0.04497910046574134
JCP2022_108984,NOMC,0,pearson,individual,0.01727195496914112
JCP2022_108984,NOMC,0,pearson,cluster_centroids,0.07904681299768267
JCP2022_108984,NOMC,0,pearson,hybrid,0.04580291245471456
JCP2022_108984,NOMC,0,euclidean,individual,-0.0008266685350562103
JCP2022_108984,NOMC,0,euclidean,cluster_centroids,-0.001997954360036497
JCP2022_108984,NOMC,0,euclidean,hybrid,0.004006495976992763
JCP2022_108984,NOMC,0,spearman,individual,0.017393565885861884
JCP2022_108984,NOMC,0,spearman,cluster_centroids,0.08658953442264807
JCP2022_108984,NOMC,0,spearman,hybrid,0.04933019383962242
JCP2022_108984,NOMC,0,mahalanobis,individual,5.4275307594141894e-08
JCP2022_108984,NOMC,0,mahalanobis,cluster_centroids,8.022230377647012e-06
JCP2022_108984,NOMC,0,mahalanobis,hybrid,-9.553691348852456e-06
